id,name,model_id:id,group_id:id,perm_read,perm_write,perm_create,perm_unlink
access_procurement_purchase_order,procurement.purchase.order,purchase.model_purchase_order,group_executor_procurement,1,1,1,0
access_procurement_purchase_order,procurement.purchase.order,am_so_to_mrp.model_custom_budget,group_executor_procurement,1,1,1,0
access_procurement_purchase_requisition,procurement.purchase.requisition,am_so_to_mrp.model_purchase_requisition_form,group_executor_procurement,1,1,1,0
access_procurement_vendor,procurement.vendor,base.model_res_partner,group_executor_procurement,1,0,0,0
access_stores_stock_picking,stores.stock.picking,stock.model_stock_picking,group_executor_stores,1,1,1,0
access_stores_stock_lot,stores.stock.lot,stock.model_stock_lot,group_executor_stores,1,1,1,0
access_stores_stock_quant,stores.stock.quant,stock.model_stock_quant,group_executor_stores,1,1,1,0
access_stores_stock_move,stores.stock.move,stock.model_stock_move,group_executor_stores,1,1,0,0
access_production_mrp_production,production.mrp.production,mrp.model_mrp_production,group_executor_production,1,1,1,0
access_production_mrs,production.material.requisition.slip,kalsal_pr_slip.model_material_requisition_slip,group_executor_production,1,1,1,0
access_production_mixing_slip,production.mixing.slip,fk_mixing_slip.model_mixing_slip,group_executor_production,1,1,1,0
access_production_bom,production.bom,mrp.model_mrp_bom,group_executor_production,1,1,1,0
access_finance_account_move,finance.account.move,account.model_account_move,group_executor_finance,1,1,1,0
access_finance_cogs_analysis,finance.cogs.sales.analysis,fk_kalsal_cogs.model_cogs_sales_analysis,group_executor_finance,1,1,0,0
access_finance_payment_term,finance.payment.term,account.model_account_payment_term,group_executor_finance,1,0,0,0
access_sales_budget,management.sales.budget,am_so_to_mrp.model_custom_budget,group_management_sales,1,1,1,0
access_quality_check,management.quality.check,am_kalsal_quality.model_kalsal_quality_check,group_management_quality,1,1,1,0
access_line_clearance,management.line.clearance,am_kalsal_quality.model_line_clearance,group_management_quality,1,1,1,0
access_rd_bom,management.rd.bom,mrp.model_mrp_bom,group_management_rd,1,1,1,0
access_finance_po_edit,management.finance.po.edit,purchase.model_purchase_order,group_management_finance,1,1,0,0
access_operations_teco,operations.teco.production,am_kalsal_teco.model_teco_production,group_operations,1,1,1,0
access_operations_teco_reel,operations.teco.reel,am_kalsal_teco.model_teco_reel_consumption,group_operations,1,1,1,0
access_operations_teco_material,operations.teco.material,am_kalsal_teco.model_teco_material_issuance,group_operations,1,1,1,0
access_operations_teco_box,operations.teco.box,am_kalsal_teco.model_teco_box_usage,group_operations,1,1,1,0
access_operations_teco_gum,operations.teco.gum,am_kalsal_teco.model_teco_gum_issuance,group_operations,1,1,1,0
access_operations_teco_prod_line,operations.teco.prod.line,am_kalsal_teco.model_teco_production_line,group_operations,1,1,1,0
access_operations_teco_labor,operations.teco.labor,am_kalsal_teco.model_teco_labor_line,group_operations,1,1,1,0
access_admin_vendor,admin.vendor.creation,base.model_res_partner,group_factory_admin,1,1,1,0
access_rd_purchase_requisition,rd.purchase.requisition,am_so_to_mrp.model_purchase_requisition_form,group_management_rd,1,1,1,0
access_finance_purchase_requisition,finance.purchase.requisition,am_so_to_mrp.model_purchase_requisition_form,group_management_finance,1,1,1,0
access_quality_stock_picking,quality.stock.picking,stock.model_stock_picking,group_management_quality,1,1,0,0
access_quality_stock_move,quality.stock.move,stock.model_stock_move,group_management_quality,1,1,0,0
access_quality_stock_lot,quality.stock.lot,stock.model_stock_lot,group_management_quality,1,1,1,0
access_quality_product_template,quality.product.template,product.model_product_template,group_management_quality,1,0,0,0
access_quality_product_product,quality.product.product,product.model_product_product,group_management_quality,1,0,0,0